nombre,deporte,edad,peso_kg,altura_cm,frecuencia_cardiaca_bpm,horas_entrenamiento_semana,rendimiento_score,posicion
Diego Torres,Natación,44.0,93.6,197.0,,23.7,4.14,defensa
Catalina Mora,Voleibol,29.0,73.7,183.0,55.0,24.0,9.76,DELANTERO
Isabella Castro,Tenis,37.0,68.1,187.0,76.0,12.8,6.75,Defensa
Luis Parra,Natación,35.0,99.3,181.0,86.0,14.1,5.02,Nadador
Carolina Ríos,Natación,32.0,74.0,201.0,57.0,24.4,1.76,DEFENSA
Andrés Flores,Atletismo,27.0,86.8,192.0,60.0,22.2,2.88,DELANTERO
Patricio Bravo,Tenis,26.0,94.9,175.0,57.0,13.7,5.42,ATACANTE
Marcela Varela,Tenis,38.0,104.0,174.0,88.0,17.9,6.59,PORTERO
Fernanda Jiménez,Voleibol,36.0,89.9,184.0,50.0,13.6,5.71,delantero
Roxana Salinas,Ciclismo,26.0,98.6,184.0,52.0,13.0,1.93,corredor
María González,Ciclismo,45.0,83.2,162.0,67.0,21.7,7.79,Corredor
Marcela Varela,Natación,22.0,67.4,199.0,72.0,15.5,3.93,PORTERO
Héctor Suárez,Natación,31.0,89.3,194.0,85.0,8.5,9.88,ATACANTE
Mauricio Vega,Fútbol,21.0,94.0,177.0,52.0,24.0,4.26,ciclista
Felipe Muñoz,Baloncesto,25.0,92.7,200.0,84.0,8.6,6.75,delantero
Tomás Gutiérrez,Tenis,16.0,89.7,187.0,85.0,16.8,8.81,corredor
Camila Díaz,Atletismo,39.0,96.8,162.0,87.0,9.9,9.74,DEFENSA
Manuel Leal,Natación,44.0,99.8,181.0,72.0,20.4,7.85,CICLISTA
María González,Atletismo,18.0,82.6,191.0,74.0,15.1,6.33,CICLISTA
Camila Díaz,Ciclismo,20.0,72.3,192.0,56.0,19.6,5.96,CICLISTA
Eduardo Soto,Voleibol,27.0,99.0,183.0,60.0,6.5,1.74,ATACANTE
Felipe Muñoz,Tenis,45.0,68.3,196.0,61.0,12.9,7.93,DEFENSA
Camila Díaz,Fútbol,21.0,99.8,174.0,10.0,3.3,1.22,defensa
Paola Romero,Rugby,38.0,104.1,167.0,47.0,22.4,8.06,
Héctor Suárez,Baloncesto,34.0,56.1,185.0,52.0,11.9,8.02,Defensa
Camila Díaz,Natación,35.0,97.7,173.0,80.0,24.1,2.94,Nadador
Marisol Figueroa,Fútbol,28.0,95.7,182.0,60.0,16.6,8.04,Mediocampista
Roxana Salinas,Baloncesto,27.0,66.7,178.0,60.0,5.1,5.82,delantero
Pilar Contreras,Voleibol,26.0,71.2,167.0,88.0,12.3,5.61,Mediocampista
Juan López,Voleibol,33.0,89.8,192.0,87.0,7.1,6.42,DEFENSA
Manuel Leal,Baloncesto,30.834847233691164,60.1,177.0,84.0,24.5,9.89,mediocampista
Camila Díaz,Atletismo,35.0,104.0,194.0,72.0,20.6,9.0,Portero
Felipe Muñoz,Fútbol,22.0,61.1,195.0,86.0,17.7,2.33,Nadador
María González,Atletismo,16.0,87.7,187.0,87.0,20.6,2.07,
Nicolás Reyes,Atletismo,30.0,92.0,194.0,63.0,23.4,7.91,portero
Juan López,Natación,37.0,99.4,187.0,10.0,8.0,4.8,delantero
Catalina Mora,Natación,16.0,104.1,,83.0,22.9,5.32,Delantero
Natalia Cruz,Atletismo,21.0,60.2,199.0,52.0,6.6,4.35,portero
Mónica Ortega,Boxeo,24.0,84.2,185.0,,6.2,9.73,Mediocampista
Enrique Valenzuela,Rugby,31.0,69.2,198.0,60.0,12.6,7.37,ATACANTE
Tomás Gutiérrez,Rugby,26.0,71.0,173.0,70.0,7.4,1.24,Atacante
Sebastián Rojas,Natación,28.0,99.1,194.0,50.0,11.2,3.81,nadador
Alicia Campos,Ciclismo,17.0,91.6,186.0,,15.9,7.1,DELANTERO
Claudia Herrera,Baloncesto,26.0,92.0,179.0,67.0,5.4,8.44,
Gonzalo Fuentes,Voleibol,28.0,96.5,202.0,71.0,4.1,5.44,MEDIOCAMPISTA
Daniela Vargas,Ciclismo,44.0,64.3,184.0,66.0,13.2,7.98,
Ana Martínez,Tenis,36.0,81.4,192.0,55.0,17.5,7.48,Atacante
Catalina Mora,Atletismo,21.0,68.2,195.0,82.0,16.3,6.62,DELANTERO
Nicolás Reyes,Voleibol,43.0,97.2,165.0,75.0,8.4,3.95,Ciclista
Alejandro Núñez,Rugby,38.0,65.0,194.0,89.0,17.5,7.7,delantero
Daniela Vargas,Atletismo,42.0,94.2,192.0,57.0,5.6,8.19,portero
Camila Díaz,Baloncesto,34.0,87.1,177.0,69.0,14.6,9.91,Atacante
Daniela Vargas,Natación,39.0,59.2,162.0,87.0,6.2,8.13,Atacante
Roberto Castillo,Natación,45.0,69.4,30.0,87.0,4.9,8.1,CORREDOR
Luis Parra,Natación,20.0,55.1,198.0,66.0,24.6,1.27,CORREDOR
Alicia Campos,Natación,28.0,98.4,183.0,74.0,17.4,6.6,CICLISTA
Pedro Rodríguez,Ciclismo,44.0,79.1,166.0,67.0,5.0,9.79,NADADOR
Claudia Herrera,Rugby,36.0,88.2,185.0,73.0,19.7,6.54,Atacante
Verónica Aguilar,Natación,27.0,103.9,170.0,89.0,3.3,6.51,corredor
Pedro Rodríguez,Natación,32.0,92.5,194.0,54.0,10.7,7.18,defensa
César Sepúlveda,Baloncesto,27.0,76.0,,71.0,23.0,6.59,
Tomás Gutiérrez,Fútbol,39.0,58.2,186.0,47.0,17.5,9.99,
Héctor Suárez,Fútbol,23.0,59.4,172.0,64.0,13.2,4.49,mediocampista
Marcela Varela,Voleibol,17.0,66.4,162.0,73.0,19.9,7.92,Atacante
Catalina Mora,Fútbol,18.0,89.8,188.0,81.0,5.1,7.05,MEDIOCAMPISTA
Ana Martínez,Fútbol,25.0,103.2,158.0,55.0,6.2,3.26,NADADOR
Gonzalo Fuentes,Fútbol,37.0,97.1,167.0,79.0,16.9,7.25,defensa
Héctor Suárez,Natación,25.0,75.4,173.0,56.0,5.4,4.74,Atacante
Catalina Mora,Ciclismo,38.0,98.0,165.0,55.0,15.6,1.96,Corredor
Roxana Salinas,Fútbol,40.0,57.0,179.0,74.0,5.7,6.7,corredor
Gonzalo Fuentes,Ciclismo,38.0,68.3,166.0,71.0,6.4,9.37,atacante
Paola Romero,Tenis,26.0,74.2,199.0,,11.6,4.16,ciclista
Mauricio Vega,Baloncesto,36.0,74.7,195.0,64.0,3.1,8.22,Defensa
Felipe Muñoz,Rugby,39.0,79.4,199.0,52.0,7.9,4.82,
Isabella Castro,Ciclismo,38.0,78.3,,63.0,7.7,2.09,corredor
Enrique Valenzuela,Voleibol,34.0,96.9,186.0,75.0,17.9,5.31,nadador
Sofía Hernández,Baloncesto,22.0,58.6,,86.0,19.2,4.15,CORREDOR
Daniela Vargas,Rugby,23.0,68.2,188.0,89.0,7.2,2.08,mediocampista
Juan López,Ciclismo,21.0,86.1,185.0,52.0,3.9,3.43,ciclista
Felipe Muñoz,Natación,28.0,102.4,192.0,90.0,24.3,8.2,Atacante
César Sepúlveda,Fútbol,30.0,55.2,175.0,48.0,4.4,3.86,Portero
Claudia Herrera,Baloncesto,40.0,59.9,200.0,64.0,4.4,3.94,Nadador
Luis Parra,Baloncesto,45.0,68.7,198.0,88.0,21.7,3.12,Ciclista
María González,Fútbol,35.0,55.6,193.0,81.0,6.7,2.5,Portero
Luis Parra,Natación,20.0,80.5,160.0,66.0,17.6,2.58,DELANTERO
Rodrigo Sandoval,Boxeo,45.0,79.8,159.0,5.0,3.7,6.6,
Paola Romero,Boxeo,17.0,59.9,200.0,79.0,6.4,4.67,Portero
Alicia Campos,Rugby,22.0,84.2,166.0,59.0,17.6,7.31,
Gabriela Morales,Natación,45.0,56.3,174.0,69.0,9.3,1.26,ciclista
Pilar Contreras,Atletismo,35.0,104.6,191.0,69.0,8.5,6.66,ATACANTE
Sebastián Rojas,Baloncesto,44.0,56.8,200.0,56.0,7.7,3.3,atacante
Matías Silva,Fútbol,44.0,60.8,178.0,58.0,19.2,5.68,CORREDOR
Francisca Lagos,Fútbol,34.0,66.6,162.0,63.0,3.8,1.33,
Enrique Valenzuela,Natación,45.0,94.5,187.0,51.0,14.8,6.74,
Marcela Varela,Tenis,43.0,94.6,168.0,77.0,17.7,9.68,ATACANTE
Natalia Cruz,Rugby,16.0,86.5,196.0,84.0,5.9,1.34,CORREDOR
Manuel Leal,Boxeo,37.0,94.4,196.0,,23.1,4.62,Delantero
Eduardo Soto,Natación,29.0,55.5,164.0,81.0,13.2,1.31,Nadador
Fernanda Jiménez,Tenis,29.0,95.8,183.0,50.0,23.5,2.24,portero
Sofía Hernández,Fútbol,32.0,76.3,176.0,76.0,20.8,-5.0,atacante
Fernanda Jiménez,Fútbol,23.0,70.2,161.0,,16.4,5.34,mediocampista
Matías Silva,Natación,21.0,96.4,200.0,68.0,15.0,1.08,atacante
Lorena Mendoza,Boxeo,45.0,89.3,178.0,84.0,3.0,7.87,mediocampista
Pilar Contreras,Atletismo,19.0,89.9,176.0,67.0,19.6,5.32,Mediocampista
Valentina Ramírez,Tenis,27.0,92.5,201.0,78.0,6.4,3.19,DELANTERO
Javiera Espinoza,Tenis,36.0,64.0,172.0,49.0,20.5,7.71,ciclista
Cristian Medina,Baloncesto,25.0,86.2,200.0,48.0,20.0,1.67,Ciclista
Roberto Castillo,Voleibol,24.0,94.7,170.0,63.0,17.5,3.57,atacante
Matías Silva,Ciclismo,33.0,102.0,199.0,83.0,7.9,7.78,Defensa
Sebastián Rojas,Natación,27.0,79.7,174.0,65.0,14.6,1.45,
Pilar Contreras,Fútbol,20.0,55.7,159.0,58.0,8.7,7.29,Delantero
Juan López,Atletismo,38.0,92.4,183.0,72.0,9.4,8.49,PORTERO
Marisol Figueroa,Natación,44.0,102.0,161.0,82.0,17.0,1.08,delantero
Andrés Flores,Fútbol,31.0,82.1,191.0,90.0,8.5,2.14,delantero
Isabella Castro,Baloncesto,39.0,89.2,186.0,69.0,16.9,9.44,
César Sepúlveda,Rugby,40.0,91.3,165.0,77.0,4.8,2.53,ATACANTE
Roberto Castillo,Natación,41.0,76.5,175.0,56.0,21.5,5.09,Corredor
Sebastián Rojas,Tenis,16.0,85.9,187.0,65.0,7.7,1.66,Corredor
Cristian Medina,Natación,35.0,80.0,173.0,76.0,10.6,9.8,NADADOR
Ricardo Álvarez,Baloncesto,17.0,99.2,,78.0,4.0,2.64,Delantero
Mauricio Vega,Tenis,22.0,88.8,,57.0,19.0,3.1,MEDIOCAMPISTA
Carolina Ríos,Baloncesto,32.0,61.5,194.0,61.0,16.8,7.2,
Fernanda Jiménez,Voleibol,38.0,87.6,191.0,68.0,4.3,1.27,nadador
Roberto Castillo,Tenis,200.0,94.3,201.0,69.0,6.4,7.93,corredor
Enrique Valenzuela,Atletismo,40.0,104.6,198.0,73.0,6.0,5.29,DEFENSA
Andrés Flores,Baloncesto,19.0,82.7,168.0,76.0,17.9,6.31,Defensa
Mónica Ortega,Natación,23.0,99.6,280.0,69.0,21.6,8.99,
Fernanda Jiménez,Tenis,40.0,77.2,172.0,45.0,10.1,6.67,CICLISTA
Camila Díaz,Natación,18.0,91.4,166.0,77.0,19.4,1.46,
Javiera Espinoza,Fútbol,21.0,65.4,189.0,89.0,20.7,8.54,DELANTERO
Cristian Medina,Natación,24.0,80.1,174.0,78.0,12.3,2.93,
César Sepúlveda,Tenis,32.0,58.0,177.0,72.0,9.7,4.09,portero
Diego Torres,Natación,20.0,100.3,178.0,75.0,19.8,1.94,nadador
Nicolás Reyes,Ciclismo,39.0,77.6,174.0,53.0,8.1,1.6,ciclista
Héctor Suárez,Baloncesto,29.0,98.7,184.0,86.0,19.5,2.76,NADADOR
Felipe Muñoz,Natación,20.0,57.6,184.0,53.0,12.8,4.79,mediocampista
Enrique Valenzuela,Fútbol,23.0,73.6,186.0,71.0,15.9,1.18,Portero
Carolina Ríos,Natación,23.0,77.5,165.0,82.0,16.4,8.32,ATACANTE
Pedro Rodríguez,Voleibol,37.0,75.1,185.0,89.0,20.9,2.81,Portero
Ignacio Peña,Tenis,29.0,77.4,164.0,82.0,13.7,9.98,ATACANTE
Paola Romero,Atletismo,31.0,98.0,158.0,84.0,11.9,4.11,Mediocampista
Felipe Muñoz,Tenis,20.0,85.6,,5.0,16.1,5.28,Defensa
César Sepúlveda,Natación,28.0,97.5,280.0,78.0,6.7,3.83,Mediocampista
Camila Díaz,Tenis,26.0,69.1,173.0,57.0,24.7,5.57,delantero
Sofía Hernández,Fútbol,44.0,79.0,202.0,55.0,23.0,2.7,corredor
Lorena Mendoza,Tenis,3.0,79.6,202.0,62.0,8.4,6.29,PORTERO
Lorena Mendoza,Rugby,38.0,90.4,198.0,88.0,12.4,2.06,CORREDOR
Patricio Bravo,Fútbol,28.0,75.8,181.0,85.0,22.8,4.78,NADADOR
Enrique Valenzuela,Natación,43.0,73.8,179.0,48.0,8.6,9.11,Ciclista
Alicia Campos,Voleibol,22.0,65.9,190.0,51.0,12.3,9.86,
César Sepúlveda,Voleibol,24.0,64.5,191.0,60.0,13.2,6.71,DEFENSA
Claudia Herrera,Voleibol,26.0,76.5,183.0,81.0,11.6,2.43,defensa
Ignacio Peña,Baloncesto,30.0,84.6,189.0,89.0,15.2,5.66,DEFENSA
Natalia Cruz,Baloncesto,31.0,99.3,176.0,82.0,22.5,3.28,Mediocampista
Pilar Contreras,Rugby,29.0,76.7,30.0,54.0,6.6,7.44,ATACANTE
Luis Parra,Voleibol,23.0,91.8,161.0,64.0,6.7,9.13,Nadador
Carlos Pérez,Fútbol,35.0,105.0,176.0,,9.6,6.01,Portero
Sofía Hernández,Fútbol,28.0,61.1,166.0,300.0,14.6,2.23,PORTERO
Marisol Figueroa,Natación,32.0,62.9,181.0,55.0,7.9,9.15,Delantero
Patricio Bravo,Rugby,30.834847233691164,82.4,199.0,69.0,5.2,8.45,Delantero
Luis Parra,Natación,32.0,82.0,202.0,300.0,23.2,1.22,Mediocampista
Francisca Lagos,Rugby,20.0,76.7,174.0,53.0,23.7,1.91,NADADOR
Ignacio Peña,Ciclismo,20.0,103.0,169.0,45.0,15.4,5.76,Portero
Alicia Campos,Baloncesto,45.0,88.0,183.0,63.0,17.9,4.36,Delantero
Roberto Castillo,Atletismo,32.0,103.5,173.0,83.0,11.3,8.0,
Verónica Aguilar,Fútbol,35.0,63.1,168.0,68.0,12.8,5.81,portero
Paola Romero,Fútbol,37.0,68.7,187.0,,23.7,6.01,DEFENSA
Juan López,Natación,18.0,94.6,186.0,47.0,8.5,5.87,
Ana Martínez,Atletismo,38.0,91.6,30.0,83.0,7.8,7.29,DEFENSA
Juan López,Baloncesto,23.0,89.3,183.0,74.0,17.1,9.9,ATACANTE
María González,Boxeo,34.0,86.3,30.0,59.0,22.3,8.5,Defensa
Luis Parra,Voleibol,38.0,82.9,161.0,73.0,3.7,7.12,Delantero
Francisca Lagos,Voleibol,29.0,97.4,165.0,65.0,16.8,4.37,Nadador
Alejandro Núñez,Baloncesto,43.0,77.2,196.0,81.0,14.7,1.81,portero
Natalia Cruz,Natación,33.0,69.4,,,4.2,1.01,Portero
Pilar Contreras,Ciclismo,19.0,102.6,169.0,58.0,17.7,9.96,Nadador
Pedro Rodríguez,Baloncesto,28.0,74.6,179.0,60.0,6.0,1.03,defensa
Patricio Bravo,Baloncesto,30.0,67.9,196.0,52.0,16.1,8.42,PORTERO
Héctor Suárez,Natación,17.0,81.0,173.0,68.0,24.4,4.69,DELANTERO
Gabriela Morales,Tenis,16.0,100.5,165.0,77.0,14.9,9.89,NADADOR
Héctor Suárez,Tenis,26.0,56.3,162.0,66.0,5.1,6.64,PORTERO
Pedro Rodríguez,Fútbol,26.0,85.3,181.0,73.0,3.5,7.31,DELANTERO
Lorena Mendoza,Atletismo,43.0,97.4,168.0,78.0,16.7,7.43,mediocampista
Patricio Bravo,Voleibol,45.0,88.4,171.0,87.0,21.6,2.45,NADADOR
Carlos Pérez,Voleibol,33.0,87.7,,69.0,14.2,7.48,ciclista
Isabella Castro,Fútbol,22.0,91.8,175.0,79.0,20.0,1.44,Ciclista
Sebastián Rojas,Natación,39.0,84.9,186.0,68.0,14.1,4.28,CORREDOR
Ana Martínez,Fútbol,41.0,71.0,180.0,88.0,22.6,8.51,delantero
Pedro Rodríguez,Natación,32.0,60.2,168.0,55.0,11.3,5.92,ATACANTE
Matías Silva,Rugby,27.0,61.7,169.0,53.0,12.0,3.0,ciclista
Mauricio Vega,Boxeo,44.0,83.8,192.0,59.0,8.1,7.34,Corredor
Tomás Gutiérrez,Boxeo,36.0,56.2,171.0,86.0,21.5,8.87,NADADOR
Camila Díaz,Natación,33.0,87.9,161.0,57.0,17.1,6.4,
Marisol Figueroa,Boxeo,40.0,70.8,202.0,82.0,6.0,9.29,defensa
María González,Voleibol,25.0,78.9,168.0,85.0,12.1,2.03,Delantero
Patricia Ramos,Natación,29.0,93.5,198.0,79.0,11.9,2.41,
Catalina Mora,Voleibol,43.0,102.5,169.0,53.0,3.4,8.61,DELANTERO
Matías Silva,Voleibol,42.0,100.1,202.0,66.0,24.1,7.14,defensa
Patricia Ramos,Ciclismo,44.0,84.2,162.0,79.0,4.9,7.44,defensa
Mónica Ortega,Rugby,39.0,70.3,180.0,52.0,19.0,8.77,ATACANTE
Natalia Cruz,Fútbol,19.0,83.7,201.0,63.0,23.5,6.54,
Carlos Pérez,Voleibol,41.0,61.8,185.0,76.0,21.4,1.22,Delantero
Tomás Gutiérrez,Tenis,39.0,68.4,183.0,75.0,4.2,4.07,defensa
Ignacio Peña,Fútbol,43.0,68.9,194.0,75.0,5.1,7.56,ciclista
César Sepúlveda,Baloncesto,33.0,74.4,174.0,60.0,6.5,6.8,ATACANTE
Patricia Ramos,Natación,4.0,85.4,200.0,85.0,8.3,7.12,defensa
Daniela Vargas,Baloncesto,24.0,96.5,,66.0,19.4,3.95,
Carlos Pérez,Voleibol,26.0,92.6,195.0,,6.4,6.43,CORREDOR
Francisca Lagos,Boxeo,28.0,86.8,199.0,51.0,8.1,3.44,DELANTERO
Mauricio Vega,Baloncesto,39.0,76.6,177.0,75.0,19.0,3.55,DELANTERO
Patricio Bravo,Natación,25.0,103.0,202.0,46.0,6.2,4.91,Portero
Nicolás Reyes,Voleibol,30.834847233691164,56.2,170.0,,23.3,6.61,PORTERO
Claudia Herrera,Baloncesto,30.0,93.2,186.0,63.0,13.1,6.14,DEFENSA
Mónica Ortega,Baloncesto,26.0,101.4,178.0,70.0,20.4,6.05,Delantero
Verónica Aguilar,Voleibol,39.0,70.0,199.0,60.0,10.3,6.67,defensa
Ignacio Peña,Atletismo,19.0,66.8,187.0,84.0,11.8,4.68,corredor
Sofía Hernández,Baloncesto,39.0,97.0,186.0,63.0,6.5,9.19,MEDIOCAMPISTA
Carlos Pérez,Tenis,41.0,91.8,,78.0,21.4,7.9,Mediocampista
Mónica Ortega,Ciclismo,17.0,85.4,,46.0,5.3,8.12,Portero
Daniela Vargas,Tenis,42.0,70.9,168.0,51.0,14.3,4.98,defensa
Valentina Ramírez,Natación,28.0,85.6,177.0,79.0,5.2,4.25,Delantero
Juan López,Fútbol,37.0,70.5,165.0,59.0,5.7,6.65,DELANTERO
Ignacio Peña,Voleibol,24.0,67.5,191.0,60.0,22.8,2.3,ATACANTE
Daniela Vargas,Tenis,16.0,57.4,161.0,79.0,19.7,6.08,DELANTERO
Rodrigo Sandoval,Ciclismo,16.0,70.7,184.0,66.0,17.8,8.88,CICLISTA
Marisol Figueroa,Ciclismo,31.0,101.7,201.0,70.0,20.7,4.12,Nadador
Valentina Ramírez,Voleibol,45.0,91.8,180.0,63.0,3.8,8.62,Corredor
Roxana Salinas,Ciclismo,28.0,91.2,181.0,81.0,24.0,3.88,DEFENSA
Juan López,Ciclismo,30.834847233691164,97.4,172.0,54.0,5.3,4.0,mediocampista
Cristian Medina,Rugby,27.0,90.2,185.0,63.0,17.3,5.39,defensa
Sofía Hernández,Fútbol,20.0,102.8,175.0,86.0,12.8,3.09,Mediocampista
Ana Martínez,Ciclismo,22.0,92.4,202.0,84.0,10.2,4.15,corredor
Lorena Mendoza,Fútbol,28.0,87.8,195.0,64.0,11.6,4.39,ATACANTE
Marisol Figueroa,Natación,21.0,66.8,197.0,57.0,17.3,6.98,
Pilar Contreras,Baloncesto,32.0,63.3,175.0,58.0,8.7,4.75,
María González,Atletismo,29.0,69.4,199.0,,24.4,8.69,ciclista
Marisol Figueroa,Natación,41.0,78.4,178.0,78.0,17.9,-5.0,PORTERO
Juan López,Voleibol,44.0,98.4,175.0,53.0,13.5,7.18,defensa
Javiera Espinoza,Baloncesto,32.0,77.1,175.0,65.0,19.5,7.58,Defensa
Tomás Gutiérrez,Fútbol,44.0,58.6,,86.0,20.2,2.01,Corredor
Gabriela Morales,Baloncesto,38.0,85.0,,89.0,3.5,4.93,Nadador
Héctor Suárez,Tenis,37.0,82.6,188.0,67.0,6.0,8.05,defensa
Sofía Hernández,Tenis,34.0,98.5,162.0,77.0,10.7,1.93,Portero
Manuel Leal,Natación,41.0,85.7,182.0,,23.9,1.16,Delantero
Luis Parra,Voleibol,20.0,87.6,192.0,72.0,9.7,5.49,
Roxana Salinas,Voleibol,40.0,74.4,185.0,63.0,11.9,3.2,delantero
Gabriela Morales,Voleibol,41.0,69.2,173.0,57.0,24.6,8.98,corredor
Felipe Muñoz,Fútbol,20.0,90.1,171.0,80.0,5.0,1.28,delantero
Daniela Vargas,Voleibol,26.0,92.5,196.0,62.0,7.2,8.0,nadador
Héctor Suárez,Ciclismo,41.0,69.5,159.0,60.0,17.8,5.23,DEFENSA
Mauricio Vega,Ciclismo,28.0,102.0,162.0,350.0,24.8,9.97,Ciclista
Verónica Aguilar,Natación,21.0,96.6,200.0,78.0,10.5,3.48,DELANTERO
Diego Torres,Natación,41.0,100.8,163.0,85.0,16.6,1.23,Atacante
César Sepúlveda,Voleibol,43.0,67.5,187.0,80.0,12.6,8.55,CORREDOR
Patricio Bravo,Voleibol,26.0,55.9,165.0,69.0,6.9,2.48,MEDIOCAMPISTA
Alicia Campos,Rugby,36.0,69.2,186.0,63.0,22.1,6.51,mediocampista
Verónica Aguilar,Boxeo,45.0,92.6,160.0,77.0,16.1,3.74,Nadador
Pedro Rodríguez,Rugby,33.0,98.4,190.0,54.0,4.3,5.04,PORTERO
Luis Parra,Ciclismo,39.0,91.6,194.0,60.0,17.5,2.26,atacante
Javiera Espinoza,Baloncesto,29.0,74.1,174.0,54.0,19.1,4.35,ciclista
César Sepúlveda,Baloncesto,41.0,64.6,187.0,,5.1,3.99,Corredor
Rodrigo Sandoval,Natación,44.0,104.0,165.0,78.0,16.3,7.19,CICLISTA
Francisca Lagos,Baloncesto,32.0,56.1,199.0,56.0,11.9,1.54,DELANTERO
Nicolás Reyes,Rugby,29.0,64.1,173.0,54.0,13.0,8.71,CORREDOR
Juan López,Voleibol,27.0,57.3,166.0,80.0,3.6,9.43,defensa
Rodrigo Sandoval,Voleibol,30.834847233691164,97.9,197.0,88.0,22.3,1.51,ATACANTE
Natalia Cruz,Fútbol,29.0,55.7,165.0,77.0,23.5,9.86,Atacante
Alicia Campos,Rugby,19.0,84.3,,62.0,13.0,1.01,MEDIOCAMPISTA
Enrique Valenzuela,Rugby,22.0,79.4,168.0,54.0,23.9,1.6,NADADOR
Claudia Herrera,Voleibol,40.0,61.4,177.0,90.0,4.7,5.59,delantero
Gonzalo Fuentes,Voleibol,40.0,72.6,200.0,51.0,9.8,1.81,portero
Gonzalo Fuentes,Fútbol,38.0,57.2,174.0,73.0,15.3,6.55,ATACANTE
Nicolás Reyes,Fútbol,20.0,68.9,191.0,84.0,20.3,5.93,MEDIOCAMPISTA
Camila Díaz,Ciclismo,36.0,99.6,173.0,,24.4,4.92,Portero
Carolina Ríos,Atletismo,28.0,103.6,177.0,,9.9,1.53,MEDIOCAMPISTA
Ricardo Álvarez,Tenis,30.0,81.0,184.0,59.0,18.8,2.22,DELANTERO
Claudia Herrera,Atletismo,31.0,84.3,168.0,52.0,14.6,5.24,Ciclista
Natalia Cruz,Natación,36.0,73.0,202.0,54.0,24.9,3.0,Nadador
Roxana Salinas,Tenis,29.0,59.0,300.0,,8.7,7.27,mediocampista
Manuel Leal,Atletismo,4.0,69.0,300.0,57.0,20.7,3.14,DEFENSA
Andrés Flores,Boxeo,40.0,59.8,188.0,89.0,12.3,9.89,corredor
Valentina Ramírez,Tenis,30.0,92.3,200.0,67.0,20.9,7.64,delantero
Daniela Vargas,Natación,18.0,85.1,170.0,68.0,13.4,1.58,Delantero
Isabella Castro,Fútbol,39.0,79.7,177.0,55.0,13.0,3.45,CORREDOR
Marisol Figueroa,Fútbol,16.0,99.5,172.0,46.0,13.4,8.84,corredor
Lorena Mendoza,Voleibol,34.0,60.4,,61.0,10.4,1.22,Atacante
Valentina Ramírez,Fútbol,34.0,80.2,193.0,71.0,3.4,7.87,Ciclista
Javiera Espinoza,Voleibol,39.0,104.2,197.0,87.0,16.9,4.09,atacante
Isabella Castro,Fútbol,19.0,86.9,172.0,65.0,18.1,3.91,DEFENSA
Diego Torres,Atletismo,30.834847233691164,97.5,183.0,62.0,6.2,2.71,
Claudia Herrera,Natación,19.0,80.5,173.0,84.0,17.4,6.44,corredor
Cristian Medina,Rugby,30.834847233691164,73.5,198.0,89.0,16.9,1.08,ciclista
Marisol Figueroa,Rugby,19.0,81.4,192.0,,23.3,2.67,ciclista
Héctor Suárez,Tenis,24.0,73.1,196.0,,4.2,4.46,Ciclista
Verónica Aguilar,Fútbol,40.0,70.8,30.0,48.0,12.9,4.97,atacante
Eduardo Soto,Natación,22.0,103.6,,300.0,18.4,4.17,Corredor
Tomás Gutiérrez,Voleibol,35.0,68.7,166.0,77.0,21.9,2.81,CORREDOR
César Sepúlveda,Tenis,23.0,61.8,188.0,54.0,19.7,1.8,defensa
Cristian Medina,Fútbol,27.0,80.9,166.0,48.0,9.4,2.84,DEFENSA
Paola Romero,Fútbol,33.0,87.7,164.0,70.0,6.5,8.84,defensa
Gonzalo Fuentes,Voleibol,18.0,75.7,176.0,82.0,6.3,5.89,Nadador
Matías Silva,Fútbol,24.0,59.6,189.0,57.0,21.6,8.14,corredor
Cristian Medina,Tenis,35.0,74.2,173.0,70.0,18.6,6.95,mediocampista
Rodrigo Sandoval,Natación,21.0,103.5,176.0,83.0,6.8,8.38,defensa
Ana Martínez,Fútbol,45.0,88.5,158.0,64.0,5.9,2.53,nadador
Roberto Castillo,Atletismo,31.0,87.8,169.0,86.0,8.9,7.5,ATACANTE
Daniela Vargas,Rugby,32.0,97.7,158.0,,11.6,8.5,atacante
Pedro Rodríguez,Baloncesto,40.0,64.2,201.0,83.0,5.6,1.43,NADADOR
Carlos Pérez,Tenis,43.0,81.2,177.0,55.0,10.1,7.1,CORREDOR
Daniela Vargas,Fútbol,34.0,74.7,172.0,67.0,10.3,4.2,delantero
Rodrigo Sandoval,Baloncesto,18.0,62.2,184.0,63.0,4.0,6.48,ATACANTE
Pilar Contreras,Fútbol,41.0,80.3,201.0,80.0,9.8,5.4,CICLISTA
Lorena Mendoza,Atletismo,30.0,83.9,168.0,47.0,17.1,5.33,atacante
Juan López,Natación,21.0,65.1,158.0,74.0,5.9,6.56,defensa
Manuel Leal,Voleibol,19.0,62.2,196.0,85.0,9.6,5.07,DELANTERO
Pilar Contreras,Natación,35.0,64.2,200.0,62.0,12.3,1.31,
Héctor Suárez,Ciclismo,21.0,98.4,30.0,68.0,24.3,1.37,defensa
Pedro Rodríguez,Natación,32.0,77.8,197.0,68.0,11.0,6.98,Defensa
César Sepúlveda,Ciclismo,26.0,59.4,200.0,59.0,22.9,7.99,
Patricia Ramos,Voleibol,41.0,93.6,176.0,77.0,16.2,9.18,CICLISTA
Juan López,Rugby,42.0,84.9,166.0,84.0,17.2,5.12,ATACANTE
Ricardo Álvarez,Natación,38.0,86.2,195.0,84.0,11.0,7.86,PORTERO
Eduardo Soto,Natación,28.0,100.9,158.0,79.0,16.5,9.65,delantero
Pilar Contreras,Fútbol,22.0,103.2,175.0,75.0,15.0,6.51,Mediocampista
Ignacio Peña,Fútbol,31.0,100.2,184.0,64.0,10.3,7.38,portero
Juan López,Ciclismo,25.0,67.3,179.0,82.0,21.4,2.48,Nadador
Alicia Campos,Tenis,39.0,76.4,202.0,63.0,22.1,1.29,nadador
Felipe Muñoz,Natación,42.0,80.5,169.0,61.0,20.0,2.0,defensa
Lorena Mendoza,Ciclismo,19.0,70.5,,85.0,9.3,7.03,
Sofía Hernández,Atletismo,29.0,95.3,166.0,54.0,22.1,7.81,DELANTERO
Natalia Cruz,Boxeo,30.834847233691164,88.9,174.0,52.0,19.5,3.73,DELANTERO
Ana Martínez,Atletismo,35.0,90.1,185.0,76.0,7.1,8.8,corredor
Sofía Hernández,Natación,43.0,99.2,175.0,65.0,13.8,9.02,Defensa
Felipe Muñoz,Ciclismo,31.0,87.4,186.0,45.0,10.5,7.79,Mediocampista
Alejandro Núñez,Voleibol,19.0,95.0,177.0,49.0,5.6,8.9,DELANTERO
César Sepúlveda,Rugby,30.0,56.8,162.0,49.0,18.3,7.26,CORREDOR
César Sepúlveda,Natación,30.834847233691164,102.7,183.0,54.0,4.6,6.92,corredor
Roberto Castillo,Ciclismo,31.0,57.8,198.0,49.0,21.1,4.79,ATACANTE
Tomás Gutiérrez,Natación,25.0,55.2,158.0,75.0,3.2,7.44,defensa
Mauricio Vega,Atletismo,45.0,98.8,180.0,80.0,4.1,8.25,ciclista
Ana Martínez,Tenis,37.0,92.1,194.0,61.0,14.1,4.68,
Carolina Ríos,Boxeo,22.0,78.4,189.0,46.0,14.1,4.4,portero
Claudia Herrera,Natación,19.0,73.6,178.0,75.0,11.4,7.96,defensa
César Sepúlveda,Baloncesto,20.0,66.0,187.0,64.0,16.2,9.87,
Matías Silva,Boxeo,30.0,82.3,175.0,47.0,20.1,1.75,defensa
Paola Romero,Natación,28.0,85.3,186.0,65.0,16.7,1.41,ciclista
Alicia Campos,Fútbol,37.0,63.0,193.0,,13.8,8.64,Corredor
Enrique Valenzuela,Fútbol,31.0,104.7,176.0,87.0,4.0,9.21,Defensa
Mauricio Vega,Atletismo,28.0,82.1,159.0,63.0,16.8,6.97,ATACANTE
María González,Voleibol,19.0,58.4,198.0,75.0,8.3,4.92,Ciclista
Rodrigo Sandoval,Atletismo,26.0,85.9,200.0,80.0,3.3,5.46,defensa
Gonzalo Fuentes,Tenis,25.0,68.8,200.0,68.0,22.3,7.39,Mediocampista
Manuel Leal,Natación,25.0,64.9,200.0,84.0,13.7,2.37,corredor
Camila Díaz,Voleibol,25.0,98.5,168.0,72.0,18.3,7.71,corredor
Sebastián Rojas,Natación,37.0,86.4,162.0,80.0,13.1,5.7,MEDIOCAMPISTA
Ricardo Álvarez,Natación,39.0,77.1,176.0,,19.5,1.23,Corredor
Javiera Espinoza,Ciclismo,33.0,103.2,179.0,47.0,17.4,5.83,Atacante
Manuel Leal,Atletismo,38.0,71.8,178.0,,14.1,6.96,Portero
María González,Atletismo,18.0,97.1,172.0,47.0,17.9,8.61,DEFENSA
Mónica Ortega,Atletismo,42.0,86.2,162.0,,23.4,4.25,Atacante
Gonzalo Fuentes,Baloncesto,38.0,79.5,196.0,82.0,22.9,4.94,Mediocampista
Claudia Herrera,Fútbol,40.0,92.5,175.0,50.0,8.1,2.54,Delantero
Pilar Contreras,Fútbol,44.0,95.4,25.0,,17.9,1.79,defensa
Valentina Ramírez,Atletismo,19.0,61.4,196.0,63.0,21.7,7.07,MEDIOCAMPISTA
Patricio Bravo,Fútbol,31.0,101.4,167.0,45.0,18.2,8.1,Atacante
Nicolás Reyes,Voleibol,40.0,61.1,184.0,57.0,11.7,3.08,Ciclista
Gabriela Morales,Rugby,19.0,91.1,160.0,90.0,16.3,3.48,Mediocampista
Nicolás Reyes,Baloncesto,44.0,62.2,177.0,51.0,3.2,2.84,Atacante
Isabella Castro,Ciclismo,30.0,55.3,192.0,51.0,3.2,2.1,
Andrés Flores,Tenis,19.0,69.3,186.0,62.0,24.8,4.1,mediocampista
Mauricio Vega,Baloncesto,30.834847233691164,55.6,199.0,52.0,12.0,6.92,ATACANTE
Diego Torres,Baloncesto,3.0,58.3,169.0,46.0,22.6,5.88,NADADOR
Natalia Cruz,Fútbol,45.0,71.0,162.0,66.0,18.7,4.47,ATACANTE
Gonzalo Fuentes,Ciclismo,42.0,57.9,172.0,72.0,19.3,2.63,portero
Nicolás Reyes,Natación,21.0,94.7,196.0,60.0,21.4,8.79,Portero
Valentina Ramírez,Natación,34.0,85.7,184.0,84.0,3.5,9.84,mediocampista
Héctor Suárez,Fútbol,28.0,59.3,186.0,78.0,13.6,9.67,portero
Alicia Campos,Natación,37.0,85.9,202.0,86.0,17.8,2.21,ciclista
Rodrigo Sandoval,Fútbol,24.0,77.8,191.0,70.0,3.7,6.96,Delantero
Mónica Ortega,Fútbol,26.0,82.0,170.0,55.0,13.5,6.35,Portero
Cristian Medina,Fútbol,31.0,58.3,174.0,61.0,14.7,5.28,CORREDOR
Alicia Campos,Boxeo,19.0,63.2,191.0,54.0,13.0,2.69,Nadador
Claudia Herrera,Voleibol,41.0,97.0,194.0,46.0,15.7,4.42,
Enrique Valenzuela,Fútbol,17.0,58.8,178.0,,13.8,7.12,ciclista
Marisol Figueroa,Fútbol,24.0,68.1,170.0,81.0,13.3,1.59,NADADOR
Javiera Espinoza,Atletismo,40.0,55.3,196.0,81.0,22.9,7.99,PORTERO
Rodrigo Sandoval,Ciclismo,30.834847233691164,56.4,168.0,70.0,16.6,2.39,corredor
Javiera Espinoza,Tenis,31.0,92.2,162.0,66.0,16.0,4.26,Defensa
Juan López,Atletismo,20.0,68.2,190.0,61.0,14.6,9.34,corredor
Tomás Gutiérrez,Natación,31.0,70.3,195.0,83.0,11.4,8.72,Mediocampista
Patricia Ramos,Tenis,21.0,101.2,163.0,56.0,4.8,4.84,CICLISTA
Mauricio Vega,Tenis,28.0,57.6,159.0,66.0,20.8,8.46,MEDIOCAMPISTA
Nicolás Reyes,Baloncesto,29.0,83.9,193.0,64.0,15.0,2.25,Nadador
Nicolás Reyes,Fútbol,26.0,97.0,202.0,69.0,13.6,4.21,delantero
Carolina Ríos,Rugby,41.0,68.2,161.0,77.0,17.2,3.94,
Nicolás Reyes,Baloncesto,26.0,57.8,171.0,89.0,15.8,7.62,atacante
María González,Fútbol,24.0,96.5,187.0,69.0,8.7,4.21,Atacante
Gabriela Morales,Natación,40.0,92.3,196.0,81.0,8.0,9.53,nadador
Manuel Leal,Atletismo,31.0,86.5,198.0,83.0,11.6,3.68,corredor
Pilar Contreras,Voleibol,41.0,76.7,181.0,88.0,12.0,8.61,Portero
Rodrigo Sandoval,Natación,44.0,92.4,,88.0,11.3,1.51,Mediocampista
Nicolás Reyes,Ciclismo,30.834847233691164,83.7,188.0,60.0,16.0,3.71,CICLISTA
Andrés Flores,Baloncesto,38.0,71.2,175.0,62.0,21.0,1.64,corredor
Enrique Valenzuela,Fútbol,19.0,70.0,163.0,77.0,13.1,8.86,nadador
Catalina Mora,Baloncesto,31.0,58.8,177.0,59.0,18.8,6.1,NADADOR
Tomás Gutiérrez,Ciclismo,20.0,71.4,30.0,64.0,24.4,9.99,ciclista
María González,Rugby,31.0,79.4,160.0,78.0,17.1,7.67,Ciclista
Diego Torres,Natación,36.0,75.1,198.0,69.0,5.5,8.79,
Tomás Gutiérrez,Fútbol,20.0,56.2,185.0,64.0,17.4,5.29,NADADOR
Paola Romero,Ciclismo,19.0,96.2,165.0,46.0,8.6,3.99,Nadador
Rodrigo Sandoval,Voleibol,34.0,95.4,168.0,64.0,23.3,9.65,Atacante
Rodrigo Sandoval,Atletismo,30.834847233691164,75.8,166.0,62.0,12.2,8.2,Mediocampista
Cristian Medina,Natación,35.0,70.7,175.0,61.0,5.0,4.43,Portero
Marcela Varela,Voleibol,33.0,73.6,173.0,65.0,4.9,4.79,atacante
Claudia Herrera,Ciclismo,4.0,75.9,168.0,90.0,11.8,9.44,
Patricio Bravo,Boxeo,30.834847233691164,56.5,179.0,57.0,4.8,7.62,DELANTERO
Marisol Figueroa,Voleibol,33.0,73.6,165.0,64.0,18.3,5.13,delantero
Ricardo Álvarez,Tenis,19.0,65.9,185.0,57.0,4.4,8.16,delantero
Lorena Mendoza,Baloncesto,38.0,101.6,164.0,76.0,10.6,3.73,Defensa
Ignacio Peña,Fútbol,33.0,76.0,,59.0,10.4,5.38,ciclista
Ricardo Álvarez,Tenis,38.0,89.3,170.0,76.0,6.5,4.68,Portero
César Sepúlveda,Atletismo,36.0,69.8,186.0,81.0,14.4,4.48,Portero
Fernanda Jiménez,Boxeo,26.0,60.7,161.0,58.0,22.3,2.65,Portero
Carolina Ríos,Atletismo,22.0,93.7,184.0,51.0,10.6,8.55,
Diego Torres,Voleibol,4.0,62.7,202.0,66.0,11.4,8.85,delantero
Andrés Flores,Atletismo,44.0,87.1,186.0,66.0,17.9,2.85,MEDIOCAMPISTA
Pilar Contreras,Boxeo,32.0,101.3,200.0,85.0,10.9,4.22,Portero
Héctor Suárez,Fútbol,22.0,96.2,169.0,47.0,23.9,2.83,DEFENSA
Patricia Ramos,Tenis,44.0,95.4,192.0,74.0,10.2,6.4,Atacante
Gabriela Morales,Boxeo,19.0,98.0,174.0,47.0,16.3,9.99,delantero
Javiera Espinoza,Voleibol,21.0,84.2,200.0,60.0,17.0,4.21,
Cristian Medina,Atletismo,22.0,94.8,169.0,48.0,12.6,1.39,Atacante
Ignacio Peña,Tenis,32.0,88.0,162.0,53.0,8.0,7.1,CICLISTA
Sebastián Rojas,Fútbol,21.0,65.3,178.0,51.0,8.5,6.34,corredor
Sofía Hernández,Baloncesto,33.0,65.5,183.0,55.0,7.7,1.18,NADADOR
Ricardo Álvarez,Natación,16.0,99.1,160.0,64.0,14.6,7.4,corredor
Ignacio Peña,Voleibol,31.0,83.4,174.0,73.0,10.9,4.71,Mediocampista
Alejandro Núñez,Baloncesto,17.0,68.6,163.0,86.0,11.4,5.19,Delantero
Roxana Salinas,Natación,16.0,56.8,165.0,47.0,13.7,7.6,NADADOR
Ignacio Peña,Tenis,25.0,64.4,163.0,55.0,9.3,6.45,Ciclista
Rodrigo Sandoval,Ciclismo,27.0,80.0,170.0,89.0,13.2,5.17,
Felipe Muñoz,Tenis,36.0,75.1,201.0,63.0,17.8,6.73,
Alejandro Núñez,Rugby,30.0,76.8,180.0,57.0,5.9,5.39,Defensa
Enrique Valenzuela,Natación,37.0,95.6,166.0,87.0,21.1,8.52,
Paola Romero,Rugby,24.0,71.1,171.0,66.0,12.9,1.72,Ciclista
Camila Díaz,Atletismo,22.0,72.4,186.0,84.0,22.9,5.27,mediocampista
Mauricio Vega,Voleibol,22.0,103.5,191.0,50.0,21.9,8.77,NADADOR
Lorena Mendoza,Natación,30.0,79.4,162.0,50.0,4.6,1.21,Corredor
Roxana Salinas,Atletismo,45.0,82.8,190.0,50.0,15.6,3.18,
Nicolás Reyes,Ciclismo,31.0,64.0,186.0,,6.6,7.84,nadador
Camila Díaz,Voleibol,18.0,100.4,177.0,63.0,23.2,5.18,Atacante
Sebastián Rojas,Baloncesto,40.0,79.7,190.0,70.0,3.3,-5.0,CORREDOR
Felipe Muñoz,Tenis,24.0,66.5,179.0,57.0,11.2,6.0,mediocampista
Carlos Pérez,Natación,38.0,59.4,192.0,48.0,5.4,6.51,ATACANTE
Gabriela Morales,Boxeo,22.0,78.7,165.0,86.0,24.1,9.5,mediocampista
Ricardo Álvarez,Tenis,32.0,98.7,,87.0,17.8,2.6,
Ana Martínez,Boxeo,39.0,74.1,183.0,55.0,17.2,8.21,Atacante
Roberto Castillo,Natación,17.0,58.1,165.0,52.0,24.2,1.34,Ciclista
María González,Natación,40.0,101.8,188.0,60.0,16.3,6.41,
Marcela Varela,Natación,27.0,76.1,177.0,58.0,21.6,3.51,defensa
Ana Martínez,Baloncesto,20.0,78.9,174.0,59.0,12.0,3.26,Portero
Ignacio Peña,Baloncesto,40.0,83.4,,66.0,7.6,7.4,corredor
Sebastián Rojas,Boxeo,17.0,99.1,185.0,46.0,8.7,7.75,Defensa
Cristian Medina,Boxeo,35.0,81.0,202.0,83.0,13.1,9.22,portero
Sebastián Rojas,Tenis,41.0,59.7,164.0,63.0,13.1,4.26,MEDIOCAMPISTA
Manuel Leal,Natación,28.0,67.2,170.0,81.0,11.0,5.41,PORTERO
Marisol Figueroa,Fútbol,19.0,96.3,199.0,,8.0,2.73,MEDIOCAMPISTA
Alicia Campos,Natación,27.0,95.4,187.0,56.0,5.4,8.87,NADADOR
Manuel Leal,Boxeo,22.0,76.9,198.0,54.0,17.8,3.63,defensa
Enrique Valenzuela,Fútbol,42.0,99.2,,85.0,23.3,8.37,Atacante
Lorena Mendoza,Ciclismo,43.0,98.9,158.0,51.0,4.6,6.0,
Alicia Campos,Natación,19.0,59.1,175.0,10.0,10.1,6.12,DEFENSA
Luis Parra,Baloncesto,34.0,62.0,,90.0,6.5,3.65,Atacante
Felipe Muñoz,Tenis,37.0,83.7,191.0,88.0,18.9,9.1,CORREDOR
Sofía Hernández,Baloncesto,31.0,87.7,179.0,89.0,14.9,4.54,Corredor
Fernanda Jiménez,Fútbol,28.0,90.3,167.0,79.0,7.5,6.83,Portero
Paola Romero,Fútbol,17.0,103.9,193.0,57.0,21.7,1.24,atacante
Ana Martínez,Ciclismo,30.834847233691164,65.0,165.0,76.0,22.2,9.05,Atacante
Manuel Leal,Voleibol,32.0,96.6,191.0,77.0,20.3,1.16,mediocampista
Ignacio Peña,Natación,21.0,90.9,166.0,68.0,24.2,2.86,defensa
Roberto Castillo,Ciclismo,16.0,71.1,180.0,57.0,17.3,9.16,Nadador
Andrés Flores,Voleibol,16.0,79.9,190.0,77.0,24.1,1.75,CICLISTA
Matías Silva,Natación,37.0,60.0,,48.0,20.8,6.49,mediocampista
Enrique Valenzuela,Fútbol,18.0,63.8,187.0,71.0,4.6,6.75,CORREDOR
César Sepúlveda,Baloncesto,18.0,84.3,195.0,10.0,9.8,1.54,Mediocampista
Daniela Vargas,Natación,42.0,62.4,,83.0,4.1,6.5,CICLISTA
Pilar Contreras,Natación,36.0,74.1,185.0,81.0,11.4,8.4,ATACANTE
Enrique Valenzuela,Boxeo,21.0,99.6,199.0,57.0,24.1,6.42,
Daniela Vargas,Tenis,28.0,73.7,186.0,47.0,12.4,3.85,mediocampista
César Sepúlveda,Rugby,36.0,71.7,191.0,75.0,12.9,2.21,nadador
Juan López,Baloncesto,35.0,71.5,193.0,69.0,7.6,4.58,mediocampista
Alicia Campos,Tenis,40.0,98.9,163.0,59.0,20.9,5.04,
Marcela Varela,Atletismo,23.0,55.3,178.0,54.0,10.4,2.9,atacante
Alejandro Núñez,Voleibol,26.0,97.0,163.0,49.0,9.6,1.76,defensa
Carlos Pérez,Natación,29.0,85.0,185.0,66.0,8.8,6.49,corredor
Carolina Ríos,Atletismo,18.0,67.6,167.0,78.0,16.3,2.07,
Isabella Castro,Tenis,26.0,89.3,193.0,47.0,6.0,2.29,DELANTERO
Tomás Gutiérrez,Baloncesto,26.0,73.0,167.0,63.0,13.3,2.05,mediocampista
Daniela Vargas,Boxeo,16.0,73.0,190.0,46.0,22.7,5.76,atacante
Andrés Flores,Voleibol,20.0,88.6,193.0,55.0,12.4,8.3,Corredor
Felipe Muñoz,Tenis,42.0,97.0,165.0,76.0,18.7,3.34,atacante
Diego Torres,Ciclismo,25.0,83.4,173.0,80.0,23.3,1.03,Delantero
Claudia Herrera,Baloncesto,30.0,87.2,,88.0,7.6,5.11,CORREDOR
Francisca Lagos,Atletismo,26.0,92.7,201.0,83.0,22.1,8.66,ATACANTE
Patricia Ramos,Voleibol,40.0,59.1,177.0,54.0,17.0,7.29,Atacante
Lorena Mendoza,Voleibol,32.0,70.7,175.0,63.0,21.3,2.48,Atacante
Matías Silva,Fútbol,16.0,85.0,191.0,46.0,18.6,9.37,Portero
Francisca Lagos,Natación,43.0,76.7,167.0,,11.0,3.62,defensa
Juan López,Ciclismo,18.0,102.2,186.0,87.0,15.4,9.46,defensa
Fernanda Jiménez,Fútbol,25.0,101.9,160.0,66.0,10.0,7.34,Corredor
Gonzalo Fuentes,Boxeo,38.0,61.7,176.0,65.0,3.9,5.45,
Alicia Campos,Tenis,16.0,73.3,169.0,70.0,12.6,7.01,portero
Pedro Rodríguez,Rugby,43.0,69.7,163.0,,24.4,9.99,defensa
Paola Romero,Voleibol,25.0,84.9,172.0,76.0,9.3,8.46,
Alicia Campos,Voleibol,29.0,62.1,185.0,57.0,5.4,9.21,
Javiera Espinoza,Natación,29.0,103.7,192.0,52.0,24.8,8.0,Atacante
Cristian Medina,Voleibol,29.0,60.3,186.0,68.0,5.2,3.58,delantero
Eduardo Soto,Atletismo,32.0,60.6,,51.0,21.4,10.0,DELANTERO
Natalia Cruz,Fútbol,3.0,89.9,161.0,45.0,16.3,4.74,atacante
Tomás Gutiérrez,Tenis,20.0,75.5,160.0,50.0,5.3,1.93,Delantero
Eduardo Soto,Tenis,17.0,68.1,195.0,49.0,3.9,7.84,corredor
Héctor Suárez,Rugby,31.0,98.6,196.0,53.0,13.8,3.26,Portero
Diego Torres,Ciclismo,27.0,62.3,161.0,69.0,17.2,3.61,DEFENSA
Daniela Vargas,Tenis,21.0,83.9,189.0,90.0,24.5,6.06,Ciclista
Ricardo Álvarez,Natación,18.0,102.2,174.0,68.0,15.7,6.66,atacante
Héctor Suárez,Voleibol,17.0,74.5,200.0,86.0,16.5,4.61,PORTERO
Rodrigo Sandoval,Voleibol,30.0,64.8,178.0,86.0,12.9,2.95,mediocampista
Manuel Leal,Natación,18.0,94.4,202.0,49.0,7.8,8.43,PORTERO
Lorena Mendoza,Boxeo,42.0,65.5,158.0,46.0,23.9,9.36,nadador
Isabella Castro,Fútbol,37.0,96.7,178.0,90.0,11.7,2.89,defensa
Daniela Vargas,Tenis,27.0,62.5,175.0,68.0,21.1,7.43,Ciclista
Héctor Suárez,Atletismo,27.0,55.0,200.0,64.0,8.2,7.69,delantero
Francisca Lagos,Natación,3.0,67.1,160.0,,10.9,9.69,Defensa
Nicolás Reyes,Natación,22.0,78.9,195.0,69.0,13.6,2.04,
Diego Torres,Fútbol,37.0,100.0,190.0,56.0,21.8,7.63,CICLISTA
Mónica Ortega,Rugby,30.0,83.4,181.0,60.0,4.3,7.92,DEFENSA
Sofía Hernández,Natación,41.0,92.1,181.0,83.0,18.2,2.67,defensa
Paola Romero,Rugby,42.0,77.3,163.0,84.0,5.0,6.83,CICLISTA
Héctor Suárez,Natación,36.0,81.2,300.0,78.0,14.1,6.17,Delantero
Patricio Bravo,Baloncesto,37.0,101.5,,51.0,8.8,4.33,defensa
Ana Martínez,Voleibol,36.0,72.6,180.0,52.0,6.1,2.98,Nadador
Carolina Ríos,Rugby,33.0,66.3,,90.0,15.0,7.34,delantero
Roxana Salinas,Rugby,28.0,93.9,200.0,81.0,24.6,1.79,Mediocampista
Patricia Ramos,Voleibol,43.0,65.9,171.0,53.0,5.3,2.68,corredor
Alicia Campos,Atletismo,39.0,84.8,165.0,82.0,9.5,1.97,Nadador
Mauricio Vega,Fútbol,44.0,93.8,188.0,70.0,3.9,4.96,ATACANTE
Natalia Cruz,Atletismo,38.0,94.8,174.0,69.0,13.5,7.23,Corredor
Manuel Leal,Natación,40.0,70.6,171.0,62.0,15.3,6.02,MEDIOCAMPISTA
Mónica Ortega,Tenis,22.0,55.1,171.0,62.0,6.9,8.3,PORTERO
Marcela Varela,Fútbol,16.0,71.6,180.0,59.0,13.4,3.16,Delantero
Verónica Aguilar,Baloncesto,16.0,78.4,193.0,88.0,17.3,3.4,atacante
Gabriela Morales,Atletismo,16.0,104.6,163.0,52.0,16.2,5.28,Portero
Ana Martínez,Voleibol,17.0,71.4,162.0,80.0,20.6,6.49,DEFENSA
Roberto Castillo,Boxeo,17.0,99.9,174.0,76.0,6.2,1.35,ciclista
Gabriela Morales,Atletismo,39.0,104.2,193.0,87.0,16.6,8.71,Portero
Natalia Cruz,Tenis,38.0,97.1,178.0,81.0,17.4,3.38,defensa
María González,Fútbol,42.0,101.2,189.0,61.0,10.8,3.08,Defensa
Manuel Leal,Fútbol,22.0,104.3,168.0,65.0,4.3,2.64,Portero
Pilar Contreras,Natación,37.0,93.6,182.0,61.0,7.0,2.88,Corredor
Carlos Pérez,Boxeo,25.0,97.9,193.0,75.0,15.1,4.39,Nadador
Lorena Mendoza,Rugby,33.0,67.2,181.0,71.0,15.7,9.23,
Gabriela Morales,Natación,29.0,89.6,163.0,67.0,7.2,8.76,Corredor
Nicolás Reyes,Voleibol,19.0,96.6,185.0,58.0,8.6,9.54,PORTERO
Mónica Ortega,Tenis,26.0,104.0,183.0,46.0,13.9,7.13,portero
Felipe Muñoz,Natación,24.0,103.8,160.0,69.0,15.9,6.15,Nadador
Roberto Castillo,Atletismo,30.0,74.1,196.0,86.0,23.6,1.75,defensa
Marcela Varela,Natación,22.0,70.6,196.0,90.0,23.6,1.23,ATACANTE
Nicolás Reyes,Atletismo,23.0,69.4,165.0,83.0,23.4,2.06,portero
Héctor Suárez,Natación,37.0,60.5,176.0,75.0,21.0,3.35,Mediocampista
Carlos Pérez,Rugby,22.0,66.2,189.0,48.0,19.4,8.69,atacante
Luis Parra,Fútbol,18.0,57.6,184.0,87.0,13.2,6.86,ciclista
Patricio Bravo,Fútbol,43.0,78.9,176.0,45.0,23.4,7.07,DELANTERO
Camila Díaz,Tenis,41.0,61.1,182.0,50.0,19.4,6.54,Atacante
Fernanda Jiménez,Ciclismo,45.0,83.3,191.0,83.0,19.9,3.66,ciclista
Rodrigo Sandoval,Tenis,18.0,67.1,165.0,47.0,11.2,8.4,delantero
Pilar Contreras,Baloncesto,38.0,55.3,192.0,60.0,14.3,1.95,CICLISTA
Carolina Ríos,Natación,35.0,85.4,175.0,66.0,6.2,9.75,DELANTERO
Roxana Salinas,Fútbol,39.0,74.7,173.0,53.0,24.3,4.97,delantero
María González,Rugby,21.0,80.7,178.0,60.0,24.9,6.91,ciclista
Andrés Flores,Ciclismo,33.0,102.8,193.0,73.0,24.9,9.27,Ciclista
Verónica Aguilar,Tenis,17.0,74.8,,,4.9,20.0,corredor
Marcela Varela,Baloncesto,24.0,88.6,181.0,46.0,10.2,5.18,CICLISTA
Sebastián Rojas,Atletismo,30.0,71.2,160.0,65.0,15.6,1.35,delantero
Francisca Lagos,Fútbol,39.0,100.1,183.0,69.0,12.1,8.31,corredor
Tomás Gutiérrez,Natación,38.0,100.4,161.0,87.0,19.8,7.58,Corredor
Tomás Gutiérrez,Voleibol,27.0,76.3,166.0,68.0,15.3,6.73,Nadador
Isabella Castro,Natación,39.0,93.0,171.0,68.0,8.1,1.21,Delantero
Patricia Ramos,Natación,41.0,61.9,185.0,56.0,10.7,1.85,Portero
Manuel Leal,Natación,42.0,83.1,201.0,70.0,15.8,4.21,NADADOR
Sebastián Rojas,Atletismo,36.0,86.4,201.0,85.0,24.4,6.68,ATACANTE
Alicia Campos,Voleibol,19.0,104.7,185.0,88.0,16.4,4.14,CORREDOR
Paola Romero,Rugby,150.0,60.9,177.0,63.0,24.1,4.36,CICLISTA
Ricardo Álvarez,Ciclismo,30.0,70.0,162.0,74.0,13.5,8.85,defensa
Ignacio Peña,Rugby,33.0,97.8,187.0,60.0,7.9,9.08,MEDIOCAMPISTA
Alicia Campos,Natación,44.0,87.0,185.0,52.0,11.0,3.5,MEDIOCAMPISTA
Daniela Vargas,Atletismo,44.0,95.0,162.0,70.0,13.9,8.74,Nadador
Sofía Hernández,Natación,29.0,66.5,169.0,54.0,7.1,7.25,Defensa
Diego Torres,Tenis,38.0,64.7,184.0,79.0,16.8,5.71,
Eduardo Soto,Baloncesto,24.0,79.8,158.0,84.0,12.7,6.35,portero
Rodrigo Sandoval,Ciclismo,45.0,65.0,170.0,67.0,23.2,7.88,Corredor
Nicolás Reyes,Ciclismo,22.0,91.5,198.0,60.0,21.0,3.06,nadador
María González,Baloncesto,32.0,55.6,280.0,77.0,19.9,3.32,CICLISTA
Carlos Pérez,Ciclismo,45.0,97.9,184.0,65.0,11.2,8.24,delantero
Tomás Gutiérrez,Baloncesto,28.0,83.1,173.0,69.0,24.2,7.49,DEFENSA
Patricia Ramos,Rugby,30.834847233691164,99.3,194.0,66.0,5.0,4.56,Nadador
Manuel Leal,Fútbol,35.0,57.0,164.0,88.0,22.6,9.54,atacante
Paola Romero,Natación,43.0,99.6,180.0,79.0,6.7,4.65,nadador
Mauricio Vega,Natación,20.0,55.5,197.0,51.0,9.2,8.0,
Paola Romero,Natación,44.0,70.7,181.0,90.0,13.4,2.26,delantero
Cristian Medina,Boxeo,39.0,102.5,167.0,90.0,18.0,3.15,Defensa
Natalia Cruz,Fútbol,20.0,87.6,193.0,58.0,14.9,9.53,CICLISTA
Ana Martínez,Natación,26.0,57.5,173.0,50.0,24.6,7.72,Delantero
Luis Parra,Voleibol,42.0,85.2,165.0,73.0,18.3,9.54,ATACANTE
Daniela Vargas,Voleibol,26.0,103.3,180.0,76.0,24.8,1.67,
Claudia Herrera,Baloncesto,35.0,73.5,181.0,60.0,7.1,7.97,CICLISTA
Marcela Varela,Baloncesto,16.0,94.4,201.0,88.0,22.1,9.71,Mediocampista
Héctor Suárez,Ciclismo,29.0,58.4,198.0,57.0,12.2,1.56,Ciclista
Héctor Suárez,Voleibol,35.0,61.5,177.0,85.0,5.3,6.01,Mediocampista
Nicolás Reyes,Atletismo,30.834847233691164,84.7,165.0,83.0,22.8,7.26,Portero
Mauricio Vega,Rugby,27.0,95.7,163.0,60.0,18.3,4.45,defensa
Luis Parra,Voleibol,29.0,98.8,184.0,48.0,9.4,2.97,
Enrique Valenzuela,Tenis,35.0,56.8,198.0,67.0,11.5,8.05,Portero
Gabriela Morales,Rugby,30.0,80.7,177.0,45.0,4.0,9.41,DELANTERO
Valentina Ramírez,Atletismo,45.0,91.9,200.0,48.0,13.3,6.75,DEFENSA
Gabriela Morales,Atletismo,29.0,55.1,158.0,82.0,7.2,1.28,defensa
Alicia Campos,Boxeo,30.834847233691164,85.9,169.0,73.0,18.2,1.21,CICLISTA
Ignacio Peña,Natación,30.834847233691164,91.8,185.0,,16.2,4.78,Nadador
Alejandro Núñez,Boxeo,40.0,64.3,165.0,81.0,20.5,2.26,atacante
Felipe Muñoz,Ciclismo,32.0,63.4,196.0,62.0,18.6,1.38,mediocampista
Sofía Hernández,Voleibol,21.0,72.3,163.0,56.0,10.1,5.35,mediocampista
Daniela Vargas,Natación,21.0,58.1,186.0,71.0,8.5,7.65,Corredor
Eduardo Soto,Natación,3.0,83.0,165.0,62.0,24.9,2.18,DEFENSA
Camila Díaz,Ciclismo,18.0,83.4,194.0,,24.6,2.99,delantero
Claudia Herrera,Tenis,30.834847233691164,85.3,186.0,57.0,16.3,2.54,
Patricio Bravo,Voleibol,19.0,86.8,182.0,62.0,3.8,8.13,CORREDOR
Enrique Valenzuela,Natación,39.0,74.7,177.0,85.0,11.9,1.38,ciclista
Héctor Suárez,Tenis,25.0,82.6,190.0,64.0,3.1,9.37,Atacante
Eduardo Soto,Baloncesto,35.0,58.5,164.0,69.0,8.5,4.74,delantero
Ignacio Peña,Tenis,35.0,86.9,161.0,85.0,16.8,9.79,corredor
Andrés Flores,Fútbol,34.0,92.8,164.0,300.0,13.8,1.55,Ciclista
Luis Parra,Voleibol,43.0,60.0,192.0,72.0,18.3,6.29,CORREDOR
Francisca Lagos,Boxeo,26.0,64.6,187.0,73.0,5.2,-5.0,atacante
Carolina Ríos,Atletismo,26.0,90.1,167.0,58.0,16.2,4.87,nadador
Patricia Ramos,Tenis,32.0,62.8,185.0,64.0,19.0,4.38,CORREDOR
Eduardo Soto,Fútbol,17.0,66.4,192.0,,8.9,8.49,DEFENSA
Verónica Aguilar,Ciclismo,150.0,75.9,197.0,79.0,13.1,8.59,
Roberto Castillo,Tenis,19.0,55.2,166.0,58.0,19.3,9.67,MEDIOCAMPISTA
Catalina Mora,Natación,37.0,85.2,187.0,54.0,11.5,1.93,Delantero
Tomás Gutiérrez,Atletismo,28.0,57.2,182.0,86.0,3.8,8.87,Nadador
Mónica Ortega,Natación,22.0,90.5,159.0,85.0,10.6,9.04,ciclista
Verónica Aguilar,Boxeo,30.0,73.9,,45.0,10.4,2.46,Corredor
Marisol Figueroa,Rugby,41.0,101.7,180.0,83.0,4.7,7.19,ciclista
Sebastián Rojas,Fútbol,36.0,60.0,176.0,72.0,5.1,5.94,DELANTERO
Roberto Castillo,Natación,20.0,60.9,192.0,55.0,15.8,3.63,Atacante
Carlos Pérez,Voleibol,39.0,96.9,196.0,66.0,23.1,5.37,Corredor
Matías Silva,Baloncesto,21.0,72.3,181.0,69.0,8.7,2.48,
Valentina Ramírez,Natación,22.0,63.3,171.0,70.0,7.2,7.25,MEDIOCAMPISTA
Eduardo Soto,Fútbol,42.0,78.9,199.0,49.0,11.6,9.71,Mediocampista
Sebastián Rojas,Tenis,30.834847233691164,89.0,198.0,59.0,3.8,1.06,
María González,Baloncesto,29.0,57.3,159.0,48.0,11.6,1.25,Defensa
Matías Silva,Natación,39.0,72.2,198.0,51.0,8.3,3.89,
César Sepúlveda,Natación,30.0,56.7,181.0,68.0,12.2,2.57,delantero
Matías Silva,Atletismo,27.0,83.1,182.0,350.0,16.0,4.43,
Lorena Mendoza,Boxeo,26.0,58.5,191.0,80.0,13.3,4.88,ciclista
Roberto Castillo,Boxeo,40.0,57.0,202.0,70.0,9.8,3.63,mediocampista
Ignacio Peña,Tenis,45.0,58.5,,81.0,14.1,8.8,delantero
Eduardo Soto,Baloncesto,24.0,89.6,159.0,77.0,10.3,1.84,mediocampista
César Sepúlveda,Voleibol,19.0,61.3,161.0,61.0,5.9,8.03,
Pilar Contreras,Ciclismo,30.834847233691164,65.1,164.0,64.0,8.1,1.26,Atacante
Patricio Bravo,Ciclismo,21.0,98.4,162.0,45.0,21.6,1.38,PORTERO
Alicia Campos,Natación,34.0,101.8,186.0,50.0,23.6,9.55,NADADOR
Catalina Mora,Tenis,30.834847233691164,88.7,159.0,73.0,18.5,8.09,DEFENSA
Ricardo Álvarez,Ciclismo,19.0,72.6,163.0,72.0,10.5,7.84,DELANTERO
Lorena Mendoza,Tenis,18.0,104.3,179.0,46.0,23.2,2.5,delantero
Nicolás Reyes,Tenis,29.0,76.5,172.0,47.0,10.3,1.34,Portero
Claudia Herrera,Natación,19.0,57.2,170.0,90.0,8.3,20.0,
Cristian Medina,Fútbol,30.0,57.7,160.0,46.0,14.4,2.43,Defensa
Roberto Castillo,Natación,39.0,89.3,198.0,83.0,20.2,3.02,nadador
Gonzalo Fuentes,Rugby,24.0,102.2,174.0,53.0,18.0,4.92,NADADOR
Carolina Ríos,Baloncesto,30.834847233691164,63.5,,45.0,5.4,8.52,NADADOR
Fernanda Jiménez,Tenis,44.0,90.1,200.0,48.0,24.4,6.31,ATACANTE
Felipe Muñoz,Atletismo,31.0,94.8,183.0,71.0,8.0,7.78,CICLISTA
Sofía Hernández,Rugby,44.0,88.6,172.0,84.0,11.0,1.02,Mediocampista
Andrés Flores,Fútbol,28.0,102.2,165.0,86.0,5.7,8.02,
Ignacio Peña,Rugby,25.0,59.7,165.0,90.0,12.1,2.3,DEFENSA
Isabella Castro,Ciclismo,3.0,77.7,166.0,57.0,19.1,15.0,ATACANTE
Rodrigo Sandoval,Tenis,34.0,72.3,170.0,5.0,15.7,9.18,Delantero
Marisol Figueroa,Ciclismo,33.0,94.1,192.0,45.0,20.8,4.18,MEDIOCAMPISTA
Juan López,Natación,37.0,81.4,164.0,78.0,20.6,5.23,
Pilar Contreras,Natación,22.0,103.6,201.0,80.0,7.3,3.36,delantero
Alejandro Núñez,Natación,38.0,96.2,160.0,73.0,19.3,7.6,Atacante
Claudia Herrera,Tenis,22.0,58.8,189.0,53.0,6.8,1.23,nadador
Pedro Rodríguez,Tenis,45.0,103.9,175.0,76.0,7.0,7.37,Corredor
Fernanda Jiménez,Baloncesto,38.0,100.1,183.0,47.0,12.9,8.83,Nadador
Diego Torres,Natación,23.0,85.8,195.0,52.0,3.5,3.61,ciclista
Gonzalo Fuentes,Fútbol,34.0,77.6,191.0,10.0,21.9,5.48,defensa
Lorena Mendoza,Boxeo,20.0,81.5,180.0,84.0,7.5,8.97,Defensa
Eduardo Soto,Tenis,20.0,76.9,202.0,58.0,12.0,5.13,corredor
Natalia Cruz,Voleibol,34.0,87.2,169.0,5.0,18.3,6.5,Mediocampista
Mauricio Vega,Atletismo,40.0,74.1,168.0,73.0,20.9,8.72,ATACANTE
Mauricio Vega,Atletismo,35.0,74.9,184.0,69.0,22.6,7.64,ATACANTE
Pilar Contreras,Baloncesto,34.0,95.0,191.0,88.0,16.6,9.48,CORREDOR
Cristian Medina,Fútbol,24.0,77.6,192.0,74.0,14.3,6.75,
César Sepúlveda,Natación,36.0,60.9,168.0,,18.1,3.24,mediocampista
Fernanda Jiménez,Fútbol,44.0,102.2,183.0,69.0,22.2,4.84,portero
Marcela Varela,Voleibol,4.0,95.5,193.0,45.0,13.4,9.81,delantero
María González,Fútbol,43.0,70.9,186.0,63.0,9.2,6.95,
Alicia Campos,Voleibol,45.0,69.1,188.0,85.0,9.0,7.65,NADADOR
Marisol Figueroa,Tenis,35.0,80.8,175.0,64.0,19.0,6.07,atacante
Natalia Cruz,Tenis,29.0,96.5,186.0,70.0,7.1,5.84,CORREDOR
Gonzalo Fuentes,Rugby,33.0,90.8,163.0,70.0,23.5,2.38,CORREDOR
Mónica Ortega,Tenis,29.0,92.9,,350.0,3.4,1.05,mediocampista
Tomás Gutiérrez,Natación,28.0,83.2,158.0,52.0,24.1,3.07,Ciclista
Andrés Flores,Baloncesto,43.0,62.4,191.0,68.0,15.9,7.59,MEDIOCAMPISTA
Roberto Castillo,Atletismo,26.0,91.5,190.0,85.0,21.4,9.02,Mediocampista
Mauricio Vega,Voleibol,25.0,58.9,171.0,90.0,14.4,4.07,ATACANTE
Claudia Herrera,Ciclismo,30.834847233691164,66.2,200.0,53.0,23.6,4.03,DEFENSA
Roxana Salinas,Ciclismo,20.0,102.9,165.0,82.0,12.2,8.63,ATACANTE
Nicolás Reyes,Ciclismo,37.0,60.8,158.0,5.0,18.8,9.86,atacante
Pedro Rodríguez,Natación,21.0,95.5,199.0,59.0,10.7,6.52,DEFENSA
Carlos Pérez,Voleibol,37.0,86.8,199.0,73.0,3.9,1.31,Ciclista
Diego Torres,Fútbol,28.0,76.6,181.0,63.0,10.3,2.37,
Diego Torres,Tenis,27.0,73.4,,46.0,21.7,7.15,nadador
Ana Martínez,Natación,31.0,66.8,201.0,52.0,19.2,5.24,nadador
Pedro Rodríguez,Baloncesto,30.0,59.5,186.0,77.0,5.9,6.11,PORTERO
Daniela Vargas,Boxeo,27.0,75.3,183.0,,11.6,2.15,CORREDOR
Natalia Cruz,Tenis,21.0,97.9,191.0,67.0,9.0,2.18,corredor
Patricia Ramos,Atletismo,31.0,73.1,160.0,67.0,9.5,6.72,ATACANTE
Juan López,Tenis,33.0,74.9,201.0,89.0,24.6,9.49,DELANTERO
Verónica Aguilar,Atletismo,20.0,84.1,169.0,76.0,4.3,15.0,CORREDOR
Patricio Bravo,Baloncesto,35.0,104.7,194.0,350.0,6.6,6.63,atacante
Juan López,Atletismo,24.0,65.3,187.0,86.0,14.5,5.9,defensa
Mauricio Vega,Ciclismo,34.0,82.1,194.0,46.0,6.6,6.68,DEFENSA
Carolina Ríos,Boxeo,45.0,72.7,181.0,66.0,18.1,4.99,portero
Catalina Mora,Boxeo,33.0,97.4,174.0,45.0,14.6,9.62,Ciclista
Mauricio Vega,Natación,40.0,64.3,192.0,46.0,9.8,9.64,NADADOR
Francisca Lagos,Voleibol,20.0,73.9,192.0,49.0,23.0,3.46,delantero
Marcela Varela,Baloncesto,30.834847233691164,72.2,175.0,61.0,6.1,3.71,atacante
Cristian Medina,Tenis,31.0,65.9,160.0,87.0,6.1,5.28,Nadador
Eduardo Soto,Rugby,27.0,101.7,161.0,87.0,10.3,9.4,Portero
Rodrigo Sandoval,Natación,17.0,87.4,176.0,60.0,10.6,2.38,Corredor
Matías Silva,Voleibol,38.0,74.6,180.0,63.0,5.6,5.1,DEFENSA
Paola Romero,Tenis,36.0,72.1,195.0,76.0,7.9,9.1,delantero
Enrique Valenzuela,Natación,26.0,73.2,167.0,300.0,15.7,7.35,defensa
Ana Martínez,Rugby,24.0,104.7,197.0,74.0,22.9,8.56,DEFENSA
Matías Silva,Tenis,40.0,67.2,164.0,90.0,4.7,3.74,Corredor
Ana Martínez,Fútbol,43.0,80.4,173.0,81.0,16.6,9.41,DEFENSA
Fernanda Jiménez,Voleibol,29.0,72.2,183.0,67.0,3.1,9.33,Delantero
Andrés Flores,Baloncesto,31.0,98.6,178.0,88.0,11.2,5.23,Corredor
Andrés Flores,Tenis,19.0,65.8,193.0,77.0,17.5,8.34,mediocampista
Roxana Salinas,Fútbol,24.0,94.2,178.0,90.0,6.6,7.47,ciclista
Sebastián Rojas,Boxeo,27.0,82.6,171.0,86.0,16.7,4.06,atacante
Camila Díaz,Fútbol,19.0,61.3,178.0,72.0,17.7,7.38,
Nicolás Reyes,Tenis,30.834847233691164,63.5,180.0,90.0,16.2,6.94,CICLISTA
Marcela Varela,Atletismo,36.0,61.8,175.0,58.0,21.9,9.61,corredor
Mónica Ortega,Ciclismo,28.0,104.7,201.0,87.0,6.7,5.24,Atacante
Pedro Rodríguez,Voleibol,32.0,57.3,179.0,90.0,15.2,5.73,Atacante
Camila Díaz,Boxeo,28.0,65.3,201.0,72.0,24.8,8.63,
Carolina Ríos,Tenis,20.0,89.3,183.0,62.0,20.2,6.39,
Roberto Castillo,Natación,27.0,63.1,190.0,66.0,18.7,4.51,MEDIOCAMPISTA
Paola Romero,Fútbol,39.0,58.0,165.0,,18.3,3.61,defensa
Isabella Castro,Natación,26.0,91.5,193.0,77.0,13.2,3.89,
Claudia Herrera,Baloncesto,30.834847233691164,102.8,178.0,63.0,7.3,5.61,corredor
Gonzalo Fuentes,Atletismo,19.0,91.5,183.0,77.0,24.8,4.51,Defensa
Diego Torres,Voleibol,21.0,86.6,,69.0,19.3,7.5,atacante
Andrés Flores,Natación,20.0,103.9,169.0,87.0,21.5,4.57,NADADOR
Luis Parra,Rugby,29.0,99.9,173.0,78.0,12.7,9.04,DELANTERO
Alicia Campos,Atletismo,38.0,59.1,200.0,69.0,6.9,15.0,Mediocampista
Patricio Bravo,Fútbol,37.0,93.7,182.0,66.0,12.1,3.38,atacante
Pedro Rodríguez,Ciclismo,29.0,98.9,197.0,66.0,9.0,6.74,
Claudia Herrera,Natación,29.0,64.3,169.0,71.0,17.5,6.71,delantero
Ignacio Peña,Boxeo,32.0,95.1,191.0,46.0,18.8,4.61,atacante
Cristian Medina,Tenis,18.0,56.7,164.0,300.0,19.5,3.24,delantero
Carlos Pérez,Fútbol,40.0,67.6,,50.0,16.8,9.4,Atacante
Marcela Varela,Voleibol,42.0,92.7,181.0,48.0,7.4,4.98,ciclista
Eduardo Soto,Fútbol,20.0,81.3,,56.0,12.8,2.0,
Camila Díaz,Tenis,16.0,100.0,175.0,78.0,19.5,9.69,Portero
Ignacio Peña,Voleibol,45.0,77.1,162.0,81.0,23.7,3.7,Portero
Sofía Hernández,Voleibol,18.0,102.6,173.0,90.0,22.4,6.67,PORTERO
Héctor Suárez,Tenis,30.834847233691164,93.3,189.0,87.0,21.8,2.6,Ciclista
Pilar Contreras,Ciclismo,45.0,79.7,163.0,86.0,7.3,2.91,ciclista
Lorena Mendoza,Baloncesto,35.0,71.9,172.0,80.0,20.2,8.88,portero
Patricia Ramos,Fútbol,38.0,101.0,,62.0,18.1,7.69,atacante
Daniela Vargas,Atletismo,24.0,59.2,167.0,89.0,14.4,8.87,Delantero
Catalina Mora,Atletismo,16.0,94.8,184.0,80.0,17.1,3.7,Corredor
Claudia Herrera,Rugby,21.0,62.6,165.0,58.0,23.0,3.98,
Ricardo Álvarez,Baloncesto,33.0,57.7,176.0,52.0,20.3,6.18,ciclista
Daniela Vargas,Rugby,42.0,68.9,178.0,51.0,21.3,8.9,Ciclista
Rodrigo Sandoval,Natación,28.0,64.2,200.0,73.0,5.7,8.14,MEDIOCAMPISTA
Catalina Mora,Voleibol,24.0,70.9,165.0,83.0,3.2,7.63,
Valentina Ramírez,Natación,42.0,91.1,173.0,51.0,13.1,4.08,CICLISTA
Andrés Flores,Natación,43.0,70.2,191.0,63.0,14.7,5.36,CICLISTA
Lorena Mendoza,Tenis,28.0,82.9,180.0,71.0,12.7,5.48,Mediocampista
Carolina Ríos,Ciclismo,21.0,102.3,175.0,51.0,9.3,9.45,Portero
Héctor Suárez,Baloncesto,40.0,57.1,175.0,10.0,22.2,3.41,DELANTERO
Verónica Aguilar,Tenis,20.0,56.4,201.0,62.0,20.0,2.91,
Lorena Mendoza,Boxeo,41.0,79.3,199.0,80.0,19.7,1.03,defensa
Ignacio Peña,Boxeo,30.834847233691164,83.5,200.0,65.0,16.6,7.83,
Natalia Cruz,Tenis,18.0,79.8,192.0,73.0,4.5,6.02,portero
Enrique Valenzuela,Rugby,18.0,100.4,202.0,89.0,17.7,8.05,Defensa
Luis Parra,Voleibol,41.0,68.7,189.0,52.0,24.8,4.97,DEFENSA
Alicia Campos,Ciclismo,45.0,100.9,198.0,,12.4,5.52,portero
Eduardo Soto,Ciclismo,23.0,86.7,179.0,57.0,20.2,6.48,
Roberto Castillo,Boxeo,28.0,80.5,181.0,76.0,17.0,9.05,Nadador
Ricardo Álvarez,Voleibol,30.0,76.3,168.0,48.0,4.3,5.43,DEFENSA
Mauricio Vega,Natación,34.0,103.6,,,13.4,7.44,delantero
Pilar Contreras,Natación,29.0,66.0,161.0,55.0,4.4,9.74,
Catalina Mora,Fútbol,33.0,68.7,180.0,79.0,18.4,2.55,Atacante
Diego Torres,Voleibol,200.0,94.1,160.0,70.0,20.4,3.61,delantero
Catalina Mora,Voleibol,27.0,61.2,160.0,81.0,6.4,7.58,Ciclista
Diego Torres,Natación,36.0,91.9,169.0,54.0,19.7,5.19,portero
Mauricio Vega,Tenis,18.0,77.3,192.0,63.0,23.6,2.07,defensa
Pilar Contreras,Ciclismo,44.0,95.9,160.0,59.0,8.7,3.87,delantero
Rodrigo Sandoval,Atletismo,22.0,66.6,175.0,53.0,5.4,8.1,corredor
César Sepúlveda,Ciclismo,41.0,84.7,166.0,75.0,19.1,2.27,nadador
Rodrigo Sandoval,Rugby,40.0,66.6,184.0,58.0,20.5,7.22,DELANTERO
Patricio Bravo,Ciclismo,23.0,75.1,158.0,54.0,22.2,1.56,CICLISTA
Sofía Hernández,Baloncesto,43.0,102.8,168.0,50.0,3.6,3.52,Atacante
Carlos Pérez,Ciclismo,44.0,83.1,177.0,58.0,24.5,8.23,Defensa
Claudia Herrera,Natación,38.0,101.4,171.0,62.0,5.9,3.55,ciclista
Paola Romero,Voleibol,28.0,64.6,169.0,80.0,7.6,4.98,ciclista
Natalia Cruz,Baloncesto,32.0,84.9,159.0,81.0,19.8,2.58,NADADOR
Rodrigo Sandoval,Baloncesto,41.0,70.7,163.0,63.0,4.6,2.3,DELANTERO
Ana Martínez,Ciclismo,43.0,74.0,159.0,79.0,21.8,5.15,mediocampista
Ignacio Peña,Tenis,23.0,89.0,182.0,77.0,13.7,2.16,Portero
Ana Martínez,Natación,32.0,89.4,196.0,81.0,5.9,5.43,defensa
Catalina Mora,Boxeo,38.0,93.5,193.0,,18.9,5.46,defensa
Sofía Hernández,Fútbol,28.0,98.7,173.0,,22.1,5.42,portero
Matías Silva,Baloncesto,19.0,56.5,186.0,86.0,21.2,7.3,ciclista
César Sepúlveda,Baloncesto,34.0,57.2,164.0,65.0,20.8,2.57,
Tomás Gutiérrez,Ciclismo,18.0,96.2,161.0,64.0,20.2,8.88,DEFENSA
Roxana Salinas,Atletismo,20.0,99.3,30.0,59.0,13.1,3.02,atacante
Luis Parra,Natación,41.0,60.0,194.0,63.0,21.3,3.98,defensa
Claudia Herrera,Ciclismo,23.0,57.7,198.0,88.0,5.4,2.64,portero
Sofía Hernández,Baloncesto,45.0,56.0,160.0,69.0,21.8,9.49,Atacante
Rodrigo Sandoval,Natación,38.0,80.1,25.0,85.0,9.9,1.08,Ciclista
Matías Silva,Atletismo,44.0,82.1,179.0,84.0,4.5,8.34,Defensa
Cristian Medina,Ciclismo,33.0,67.9,169.0,70.0,3.5,8.45,Corredor
Eduardo Soto,Fútbol,29.0,103.7,,90.0,3.5,7.65,ATACANTE
Daniela Vargas,Voleibol,35.0,66.5,,67.0,19.3,5.84,Mediocampista
Carlos Pérez,Ciclismo,16.0,87.1,195.0,71.0,19.5,1.84,atacante
Mauricio Vega,Baloncesto,20.0,67.4,202.0,,7.5,6.82,ATACANTE
Isabella Castro,Natación,31.0,69.3,178.0,64.0,7.7,8.06,delantero
Claudia Herrera,Natación,28.0,88.4,193.0,10.0,9.1,5.42,
Alejandro Núñez,Natación,38.0,63.6,161.0,88.0,4.9,6.67,CICLISTA
Nicolás Reyes,Fútbol,39.0,71.3,166.0,76.0,6.5,6.87,portero
Patricia Ramos,Fútbol,43.0,93.8,175.0,,15.5,4.52,nadador
Verónica Aguilar,Fútbol,31.0,80.5,30.0,68.0,19.9,7.23,Delantero
Daniela Vargas,Boxeo,21.0,98.8,196.0,51.0,22.7,3.23,MEDIOCAMPISTA
Pilar Contreras,Natación,30.0,88.8,178.0,74.0,20.6,5.58,Portero
Cristian Medina,Natación,19.0,77.6,189.0,67.0,14.4,5.36,Portero
Matías Silva,Ciclismo,38.0,76.2,187.0,84.0,14.3,6.83,CORREDOR
Tomás Gutiérrez,Tenis,40.0,72.9,186.0,83.0,4.8,1.46,ATACANTE
Isabella Castro,Tenis,30.834847233691164,101.5,175.0,69.0,7.9,8.16,defensa
Claudia Herrera,Voleibol,27.0,76.2,158.0,82.0,16.5,1.36,
Marisol Figueroa,Boxeo,17.0,98.3,202.0,55.0,23.8,7.29,Delantero
Lorena Mendoza,Baloncesto,30.0,95.4,300.0,80.0,18.1,5.71,ciclista
Diego Torres,Tenis,27.0,101.0,183.0,72.0,13.6,5.5,Atacante
Carolina Ríos,Natación,39.0,105.0,175.0,,8.7,4.19,delantero
Juan López,Fútbol,22.0,61.7,165.0,65.0,20.6,1.84,ATACANTE
Gonzalo Fuentes,Ciclismo,40.0,73.0,30.0,78.0,3.1,7.94,CICLISTA
Francisca Lagos,Fútbol,22.0,66.9,187.0,55.0,18.8,6.21,portero
María González,Boxeo,30.834847233691164,85.4,169.0,82.0,10.7,3.65,ATACANTE
Alejandro Núñez,Voleibol,24.0,97.9,202.0,67.0,9.5,4.11,Nadador
Marcela Varela,Tenis,29.0,61.7,170.0,78.0,20.1,7.05,MEDIOCAMPISTA
Javiera Espinoza,Natación,38.0,80.9,174.0,77.0,19.0,4.21,corredor
Mauricio Vega,Ciclismo,34.0,98.1,184.0,78.0,17.5,3.03,Portero
Marisol Figueroa,Ciclismo,16.0,83.9,199.0,64.0,8.4,9.94,
Claudia Herrera,Fútbol,29.0,59.5,179.0,84.0,9.8,1.58,DEFENSA
Gonzalo Fuentes,Atletismo,30.834847233691164,62.6,187.0,72.0,7.9,7.39,defensa
Daniela Vargas,Ciclismo,22.0,63.0,,90.0,23.4,3.71,nadador
Sebastián Rojas,Natación,40.0,75.5,194.0,54.0,14.7,7.87,
Sebastián Rojas,Natación,44.0,81.6,191.0,72.0,4.8,6.87,ciclista
Marisol Figueroa,Voleibol,33.0,74.1,194.0,66.0,15.2,9.62,
Gabriela Morales,Boxeo,36.0,64.2,176.0,76.0,15.3,2.55,delantero
Rodrigo Sandoval,Natación,45.0,73.9,163.0,49.0,24.1,6.35,DELANTERO
Pilar Contreras,Natación,18.0,93.0,,55.0,11.8,1.42,Ciclista
Pedro Rodríguez,Fútbol,26.0,62.8,179.0,52.0,23.2,1.82,MEDIOCAMPISTA
Alejandro Núñez,Rugby,22.0,60.1,182.0,,19.2,3.63,DELANTERO
Claudia Herrera,Ciclismo,26.0,104.1,175.0,88.0,24.1,7.66,DELANTERO
Francisca Lagos,Fútbol,43.0,67.7,201.0,67.0,3.6,4.77,delantero
Pilar Contreras,Baloncesto,30.834847233691164,80.0,174.0,350.0,17.0,7.71,DEFENSA
Carlos Pérez,Voleibol,34.0,103.0,196.0,81.0,15.7,7.64,Delantero
Manuel Leal,Fútbol,36.0,98.6,202.0,81.0,10.4,9.59,Portero
Isabella Castro,Boxeo,45.0,62.6,184.0,72.0,16.5,6.23,
César Sepúlveda,Baloncesto,26.0,63.9,201.0,79.0,6.1,9.7,CICLISTA
Roxana Salinas,Voleibol,33.0,68.9,174.0,75.0,22.9,6.13,ciclista
Marcela Varela,Natación,34.0,102.3,180.0,77.0,16.6,6.11,delantero
Carolina Ríos,Tenis,19.0,74.4,201.0,47.0,22.6,3.82,delantero
Rodrigo Sandoval,Natación,40.0,69.2,158.0,45.0,20.7,6.27,Portero
Nicolás Reyes,Boxeo,19.0,86.7,172.0,83.0,23.0,8.07,
Daniela Vargas,Tenis,24.0,58.8,175.0,74.0,3.1,5.13,ciclista
Carlos Pérez,Ciclismo,33.0,102.4,194.0,69.0,19.7,6.28,Delantero
Daniela Vargas,Baloncesto,32.0,104.0,195.0,61.0,14.1,3.05,ATACANTE
Gabriela Morales,Tenis,30.834847233691164,60.5,188.0,65.0,4.4,5.29,Portero
Ricardo Álvarez,Tenis,29.0,58.0,,71.0,14.0,6.86,
Marcela Varela,Tenis,26.0,89.0,190.0,74.0,21.4,6.04,corredor
Roxana Salinas,Boxeo,22.0,83.9,198.0,62.0,11.5,3.97,NADADOR
Javiera Espinoza,Ciclismo,4.0,62.8,164.0,61.0,14.8,8.46,CORREDOR
Pedro Rodríguez,Natación,16.0,93.5,186.0,79.0,17.7,4.18,mediocampista
César Sepúlveda,Ciclismo,19.0,75.6,191.0,73.0,7.4,3.17,Mediocampista
Andrés Flores,Fútbol,28.0,100.4,160.0,48.0,14.7,4.99,
Patricio Bravo,Fútbol,32.0,76.0,200.0,74.0,3.2,6.19,
Felipe Muñoz,Fútbol,18.0,63.3,179.0,75.0,15.3,6.98,NADADOR
Marisol Figueroa,Boxeo,21.0,100.3,165.0,68.0,14.2,9.48,MEDIOCAMPISTA
Juan López,Ciclismo,31.0,97.1,168.0,67.0,15.1,6.77,defensa
Carolina Ríos,Voleibol,34.0,103.0,170.0,62.0,18.2,6.07,
Juan López,Natación,30.834847233691164,76.8,167.0,75.0,21.4,2.33,portero
Pedro Rodríguez,Natación,32.0,69.6,197.0,63.0,3.1,1.56,delantero
Manuel Leal,Tenis,42.0,55.4,190.0,63.0,11.2,2.43,Ciclista
Nicolás Reyes,Ciclismo,30.834847233691164,56.2,193.0,89.0,5.8,5.41,Mediocampista
Paola Romero,Natación,32.0,62.4,189.0,80.0,20.7,1.12,defensa
Sofía Hernández,Natación,31.0,98.5,169.0,46.0,3.3,4.42,Corredor
Isabella Castro,Fútbol,34.0,75.0,179.0,47.0,19.8,7.97,corredor
Andrés Flores,Tenis,31.0,89.5,161.0,72.0,4.5,1.6,PORTERO
Carolina Ríos,Fútbol,30.0,90.5,,80.0,24.4,4.85,nadador
Carlos Pérez,Ciclismo,20.0,73.7,,59.0,7.0,8.35,CICLISTA
Héctor Suárez,Voleibol,45.0,97.1,192.0,47.0,5.5,5.43,corredor
Fernanda Jiménez,Voleibol,38.0,92.4,175.0,78.0,9.7,4.06,atacante
Mauricio Vega,Ciclismo,33.0,89.9,177.0,64.0,10.2,1.44,delantero
María González,Tenis,17.0,77.6,191.0,74.0,24.2,4.8,Delantero
Patricia Ramos,Rugby,35.0,63.8,,78.0,16.2,1.32,defensa
Carolina Ríos,Natación,33.0,99.9,182.0,70.0,14.3,4.9,MEDIOCAMPISTA
Nicolás Reyes,Voleibol,30.0,60.1,200.0,74.0,8.9,8.8,Portero
Mónica Ortega,Voleibol,43.0,77.8,161.0,77.0,21.9,2.0,
Felipe Muñoz,Atletismo,40.0,80.5,199.0,60.0,20.9,6.81,Portero
Camila Díaz,Natación,37.0,84.1,192.0,61.0,8.8,1.1,portero
Lorena Mendoza,Natación,39.0,59.7,177.0,76.0,6.4,5.86,Atacante
Luis Parra,Baloncesto,39.0,89.9,199.0,87.0,12.0,4.42,
Manuel Leal,Fútbol,34.0,78.8,171.0,89.0,16.3,1.28,NADADOR
Catalina Mora,Tenis,35.0,77.2,,59.0,5.5,8.14,Nadador
Luis Parra,Fútbol,34.0,88.2,194.0,79.0,22.4,7.54,CICLISTA
Francisca Lagos,Fútbol,24.0,74.8,162.0,80.0,24.2,9.37,corredor
Isabella Castro,Atletismo,33.0,83.8,198.0,80.0,13.5,6.86,defensa
Ignacio Peña,Baloncesto,29.0,57.7,174.0,62.0,4.6,3.7,Delantero
Francisca Lagos,Natación,41.0,65.0,183.0,47.0,16.4,15.0,defensa
Francisca Lagos,Ciclismo,41.0,86.4,201.0,46.0,13.9,7.06,defensa
Catalina Mora,Boxeo,27.0,77.2,165.0,65.0,19.7,3.75,
Nicolás Reyes,Ciclismo,25.0,62.0,178.0,76.0,4.8,6.16,Mediocampista
Ricardo Álvarez,Ciclismo,37.0,94.6,165.0,62.0,6.7,3.6,delantero
Enrique Valenzuela,Natación,42.0,82.9,201.0,68.0,22.0,3.39,Corredor
Patricia Ramos,Fútbol,39.0,80.1,174.0,80.0,15.0,3.32,CORREDOR
Mauricio Vega,Baloncesto,34.0,62.2,169.0,53.0,24.6,8.13,DELANTERO
Valentina Ramírez,Tenis,38.0,80.6,168.0,87.0,6.2,7.57,Nadador
Gonzalo Fuentes,Natación,42.0,98.8,185.0,87.0,17.2,7.83,ATACANTE
Alicia Campos,Fútbol,20.0,99.0,166.0,90.0,11.4,6.0,portero
Carlos Pérez,Baloncesto,21.0,87.3,175.0,47.0,8.8,2.84,Ciclista
Fernanda Jiménez,Rugby,37.0,87.2,185.0,82.0,11.0,7.38,Ciclista
Mauricio Vega,Voleibol,31.0,55.7,172.0,52.0,13.1,8.61,ATACANTE
Héctor Suárez,Atletismo,18.0,97.5,195.0,61.0,13.4,7.95,Atacante
César Sepúlveda,Voleibol,42.0,88.8,174.0,79.0,8.0,9.1,Delantero
Claudia Herrera,Voleibol,36.0,82.5,171.0,46.0,6.3,9.42,ATACANTE
Gonzalo Fuentes,Natación,18.0,86.3,168.0,49.0,11.7,2.76,DEFENSA
Sebastián Rojas,Tenis,36.0,98.0,202.0,60.0,5.9,3.86,atacante
Andrés Flores,Voleibol,21.0,69.8,182.0,62.0,3.5,9.34,delantero
Ignacio Peña,Natación,23.0,76.9,165.0,71.0,6.3,2.79,Atacante
Javiera Espinoza,Natación,45.0,92.5,188.0,66.0,5.0,2.94,CORREDOR
Luis Parra,Voleibol,22.0,80.9,179.0,45.0,16.6,2.7,
Camila Díaz,Tenis,44.0,87.4,178.0,47.0,8.9,2.79,CICLISTA
Mónica Ortega,Boxeo,30.834847233691164,75.6,193.0,46.0,11.1,5.74,CORREDOR
Javiera Espinoza,Natación,29.0,101.7,168.0,88.0,12.5,6.31,DEFENSA
Isabella Castro,Fútbol,20.0,66.0,171.0,80.0,10.9,6.53,PORTERO
Carolina Ríos,Tenis,21.0,90.9,184.0,84.0,12.7,7.81,DEFENSA
Fernanda Jiménez,Baloncesto,28.0,68.4,175.0,85.0,24.3,3.44,mediocampista
